window_id,experiment_id,condition,RMS,Peak,Std,Kurtosis,Dominant_Frequency,Spectral_Energy
111,normal_04,normal,0.16616074701660474,0.44929748694090216,0.09097576905207488,2.9315318122672234,149.75523669094463,0.3347173891992241
420,misalignment_04,misalignment,0.4861870007205695,0.9413484349080036,0.23032948677747206,6.174397607107085,180.77620037139712,0.8788526840269542
566,loose_mount_04,loose_mount,0.27242041555487695,0.5791375323213355,0.13408642316658825,5.676454139616773,135.50271927175768,0.7280873469931436
78,normal_03,normal,0.16820865013382064,0.3670806625603483,0.08882615887010392,2.9082649430121332,149.12042524005372,0.5168615581214758
182,imbalance_02,imbalance,0.324075613608046,0.6965099837982334,0.19306489766562454,4.70315496847,148.61564440137533,0.7806804501378524
285,imbalance_05,imbalance,0.3894730446715211,0.9722325969819334,0.17093123403262814,4.890932749881928,155.0996867725016,0.7668837199978403
11,normal_01,normal,0.1663426045676839,0.436604598800569,0.10162753065105005,3.1172444662718557,152.13367973937858,0.45966736175999623
470,loose_mount_01,loose_mount,0.31025224711317295,0.6625321103358595,0.12075085230291693,6.589934806261389,136.51723300289328,0.7474539448018136
79,normal_03,normal,0.222119867398146,0.4115163553463349,0.10347708452450957,2.918584352729935,149.14690848587972,0.4292662824707691
350,misalignment_02,misalignment,0.484729626647885,1.0784688716131687,0.2561246831109992,5.278189347910074,168.95927976564627,1.2043492856014555
56,normal_02,normal,0.23022456866553445,0.47550135243590785,0.09301069571421254,2.7972565267119203,150.09834627862878,0.35917199253094356
119,normal_04,normal,0.195569277685384,0.47589938762837897,0.09986353208204704,3.1403327296179135,146.89476565787808,0.4193957674605866
110,normal_04,normal,0.21174518333605585,0.4627760105516492,0.09130952752135219,3.035479222927388,153.6375565104948,0.4038104147856699
589,loose_mount_05,loose_mount,0.25608759684530563,0.692148526992259,0.18122373066352965,6.106620932597824,139.8419973204241,0.7081544616654927
370,misalignment_03,misalignment,0.436679193067028,1.001389820933251,0.23033833089855982,5.560770572586996,174.75368540194933,0.9014437996768929
235,imbalance_03,imbalance,0.35677394389017664,0.8755736489302727,0.18511813700208446,5.028111849491064,150.96482124205772,0.8210559848861745
31,normal_02,normal,0.2261200348341365,0.45877530005455425,0.09589072769166264,3.2212577420119777,151.28626931538483,0.4967877995997996
213,imbalance_03,imbalance,0.3650022124060346,0.8498441854747342,0.16752798621483575,4.808174360640094,148.60100220352453,0.9096056247308841
185,imbalance_02,imbalance,0.33610649301811824,0.8760578525487668,0.1528837205774689,4.52189019070623,156.21426027123235,0.8472176130155358
87,normal_03,normal,0.21336652036215994,0.42246510871076964,0.1089781540841055,3.3257873895247982,147.08955144104576,0.375615217214272
3,normal_01,normal,0.20132061395122433,0.4950896482787213,0.10467509342252046,2.8281415074233522,151.1062523522475,0.37205586995855006
588,loose_mount_05,loose_mount,0.29907061318876715,0.589007763777982,0.131590884875014,6.984103223531916,134.3083398875114,0.5741129358878889
536,loose_mount_03,loose_mount,0.3114422123373567,0.6956939024276754,0.1640829628327957,5.687410402777912,138.10186228942715,0.7173063017736334
597,loose_mount_05,loose_mount,0.3218874618349673,0.7130236990556531,0.1611515168564963,5.5312281533535534,135.87010013589037,0.8443636075696622
369,misalignment_03,misalignment,0.5105422458205426,0.9565799566741114,0.25371180430898516,5.991834136462389,184.45843232829336,1.2278320906719822
540,loose_mount_03,loose_mount,0.2930344233457852,0.7382055631894966,0.17194655014405735,6.570640883492511,137.45495761328326,0.5878725173273636
73,normal_03,normal,0.19737826698624547,0.3767637669660988,0.10928296991568485,2.8789998574382536,148.39829928487933,0.3665123794355155
136,normal_05,normal,0.19595833509221192,0.42688423567689376,0.102528848149699,2.899208451717878,148.11580174882388,0.43557264171517196
557,loose_mount_04,loose_mount,0.3013611671570945,0.7341593959563211,0.12842085625902733,5.385978893024395,129.91098125497996,0.7411291524401432
438,misalignment_05,misalignment,0.5568678775948901,1.0211460152363918,0.2134392581296527,5.537946747527762,184.76536788771028,1.1966202819625682
596,loose_mount_05,loose_mount,0.3353997794161553,0.7549468002081542,0.1572652615849506,6.163793830584728,128.34979502457588,0.5281651585198803
164,imbalance_01,imbalance,0.323326316296125,0.8555050167506483,0.18926739612065374,4.264249659960153,151.91792686185443,0.83884664739427
83,normal_03,normal,0.1942750253288862,0.46815862317234785,0.09691326944453588,3.1871094250930296,144.50578174735463,0.40321963159406765
258,imbalance_04,imbalance,0.3894782155487698,0.8116033475199861,0.2072770064986538,4.7171694113718345,143.8770475697461,0.7157407926438636
193,imbalance_02,imbalance,0.3909058105372852,0.7750813578573692,0.1939563367800001,4.838714592902537,151.00535938701796,0.8978362857751659
454,loose_mount_01,loose_mount,0.34637791657214934,0.6239775812876096,0.153514009123297,6.844964849309121,121.59233101837683,0.6943717344624043
133,normal_05,normal,0.2102244362909507,0.4656505863973294,0.08213292488631922,2.9754630725009745,152.98710415769978,0.47296118694481604
516,loose_mount_03,loose_mount,0.35333561055214474,0.6534456795746864,0.16874753933839295,5.807928853264796,142.9572560814408,0.5892983179664217
442,misalignment_05,misalignment,0.5620177046949155,0.948636373928509,0.23873615603394482,6.557070689207296,172.7130662766836,0.8602185500100223
276,imbalance_05,imbalance,0.35973589216115187,0.9218306215003731,0.19072593938361787,4.665029506466893,150.05421432014194,0.6546258327531642
365,misalignment_03,misalignment,0.3929748505486092,1.0017334629151307,0.2263458432784,5.412629720840217,188.05463056200256,1.1048982874076911
30,normal_01,normal,0.17444124851360762,0.4569035167088848,0.11579091256410436,3.0319983227146876,149.64408502167035,0.43429130698012713
507,loose_mount_02,loose_mount,0.3148689108916557,0.693288147820382,0.13330297694456997,6.164000703780106,139.55823511728244,0.67047771947199
571,loose_mount_05,loose_mount,0.31027979103420844,0.6919265503634864,0.17128624372494364,5.710779559979283,148.88668471959696,0.710020598253339
25,normal_01,normal,0.18374117809379348,0.4333857095928126,0.09387903200940192,2.971841822716723,153.19794069236292,0.4278524283722672
183,imbalance_02,imbalance,0.41179729011662514,0.8344291154421118,0.16687890126718063,5.229202534477132,157.31674201192652,0.8195645324258283
474,loose_mount_01,loose_mount,0.35187188198795866,0.7052779680202244,0.14664251861147376,6.748032116528591,135.48237578915163,0.7385450715456711
105,normal_04,normal,0.2094227258679986,0.42866190611341104,0.09588361677783791,3.2725285279606684,146.8782418424627,0.29936098345352546
64,normal_03,normal,0.23208508723034282,0.43169202276172697,0.10107880444343034,3.2619101369721055,145.19322137682323,0.357417639294693
491,loose_mount_02,loose_mount,0.3674931102702682,0.7885611961841829,0.15048897443839573,6.053298454468013,131.20739272312125,0.6981730238709973
246,imbalance_04,imbalance,0.3843794143778835,0.910003513736642,0.17973168426150382,4.008854834931752,150.2369581586618,0.7669760802693915
249,imbalance_04,imbalance,0.3931347189132615,0.8342992770629061,0.16767413823615784,4.792060153636023,148.5098393893378,0.6942638938510605
102,normal_04,normal,0.21525852964673875,0.46792397455744816,0.08314402682615192,3.10760688798565,146.8970758449768,0.4317638055794132
556,loose_mount_04,loose_mount,0.3106646915324038,0.6975724524986987,0.11228854191113058,6.001258332535285,132.3372339185349,0.6574904006475439
592,loose_mount_05,loose_mount,0.36619191839778875,0.773426700645301,0.13478270509903645,6.484222152797306,127.54392687179308,0.5852252285070141
357,misalignment_02,misalignment,0.4924466955198329,1.084630406230773,0.23957284502070725,6.1036459397338945,177.52517344703665,1.0167831470160995
210,imbalance_02,imbalance,0.35098433911968097,0.7697212215890568,0.1954898940773074,4.786511608354806,157.95859216772405,0.7414214017037664
166,imbalance_01,imbalance,0.41482222437678906,0.9383419608539384,0.21588740109200716,5.260182755027067,150.56106327347928,0.8082176130421075
138,normal_05,normal,0.17675840974531426,0.36533382204117876,0.0813815484675749,3.0058219893153337,150.0927518340981,0.41411945722874394
196,imbalance_02,imbalance,0.3340318401124682,0.6673495669419787,0.1776623962718295,4.4507518058645905,150.66059787335197,0.6519835320765218
77,normal_03,normal,0.2215248031493277,0.4161735586893061,0.10333070372618255,2.9948274304092286,150.94172463437266,0.3783315597025297
177,imbalance_01,imbalance,0.38599369655949123,0.852893753441277,0.18236695826776408,4.955654386368331,150.38525958255192,0.8963240145165967
330,misalignment_01,misalignment,0.4129821895989398,1.0769856893055354,0.17320486516285685,5.686909263291449,185.87541413804365,1.0988668524467307
537,loose_mount_03,loose_mount,0.2639076224228469,0.784578397783635,0.19468186161595463,6.700916984774704,140.5619086033588,0.6868297105282071
549,loose_mount_04,loose_mount,0.2957853224085155,0.628004703134111,0.14565712773847372,6.338672089860108,129.03150941684572,0.7243162804796259
71,normal_03,normal,0.2018425331686822,0.4165040710469015,0.09405599647801266,2.703892697486997,147.33559843879905,0.4020991655962785
562,loose_mount_04,loose_mount,0.3110502288485829,0.6801785669779445,0.1560620376990066,6.2623486388256735,130.46901494987128,0.5570982148764605
590,loose_mount_05,loose_mount,0.3264937660246063,0.6064995643486801,0.16875045843499514,6.032533981363197,137.17855472166545,0.614866401441111
82,normal_03,normal,0.1844103520654916,0.46721205435830215,0.09148462810814233,3.1331170472626857,153.25586101333772,0.43832657036186146
317,misalignment_01,misalignment,0.40244902938259725,1.0453018756312171,0.21650088854406052,5.169705616541907,175.22713797179776,1.1571304538929617
305,misalignment_01,misalignment,0.43601787863162467,1.0673794393667757,0.25581589123884335,6.223526499119634,173.61945037886022,1.0273545415455863
7,normal_01,normal,0.1977210508469025,0.4163937409214989,0.09175518784308762,3.1301185575649404,152.22976251361032,0.4471577134152597
424,misalignment_05,misalignment,0.5107220061446237,1.0631238328067147,0.24440723457535302,5.763091347847215,176.39729810831227,1.1287482704385525
375,misalignment_03,misalignment,0.5046148455969018,0.9379481379351339,0.18253498951619246,5.3021506574245745,177.72647781575364,1.1665672089883818
430,misalignment_05,misalignment,0.4763390838008089,1.0381271390080975,0.20552520056046703,5.214489925106244,184.33152278584683,1.187234234286652
538,loose_mount_03,loose_mount,0.25184732780915214,0.5709115684182732,0.15510164087735517,5.90401059613501,126.5125423300359,0.674980265282506
313,misalignment_01,misalignment,0.4491903630004653,0.880563451927554,0.19806581761621483,4.868641875423399,181.64914394507764,1.2308914542082772
239,imbalance_03,imbalance,0.40618638113791145,0.8796399125219986,0.17458143739684384,4.474853791504297,147.52722627743688,0.6491629401233714
560,loose_mount_04,loose_mount,0.29791950964649855,0.5107327623948661,0.1375707606484445,5.937792553514479,125.88249295099534,0.6932489720186121
433,misalignment_05,misalignment,0.5034912461602483,1.0712997425345099,0.18175442566365377,5.2709191907683595,184.18941843959365,1.0786891118292605
287,imbalance_05,imbalance,0.3566527857277528,0.7777259095107579,0.19212582312217416,4.331566156036654,155.18926114429505,0.6681851069505277
427,misalignment_05,misalignment,0.3750396828719378,1.0839568090774252,0.2730501853396681,6.196049736918629,179.79478220325737,1.0546058138577117
599,loose_mount_05,loose_mount,0.28201199021958245,0.6617096695408503,0.14900819384236122,6.87366162080678,142.8059436041324,0.7158513715701366
362,misalignment_03,misalignment,0.6206324624119361,0.8290773896089845,0.20784870257368676,5.35352996633019,173.74590188808654,0.9422416752396288
74,normal_03,normal,0.1869143344662489,0.4671156176277967,0.09810755659063596,3.065732400456496,151.08576556178653,0.48603308277640833
40,normal_02,normal,0.18541832324512783,0.42383414239728817,0.07852710970261345,2.9674668158910187,146.81275676442132,0.3935280286316963
156,imbalance_01,imbalance,0.3802406672174429,0.8558659252778527,0.20330615071094355,5.376587899161165,152.23848032763667,0.8271637508828482
219,imbalance_03,imbalance,0.2688802287708571,0.7921981270245184,0.1563999844306548,5.081599605554692,148.29954419142615,0.8123163216588489
371,misalignment_03,misalignment,0.48463397230145017,0.9231644340452088,0.23257980442242876,5.282382583320459,172.5017082707783,1.0734298360376897
211,imbalance_03,imbalance,0.41997345329897956,0.8277930730366225,0.19591556019488465,4.643494819934518,150.80176464979368,0.7707600896560852
236,imbalance_03,imbalance,0.3632460502429985,0.9983785473127638,0.14864139167139,5.241328063247044,156.47162980288388,0.7118272955227525
547,loose_mount_04,loose_mount,0.3436382720142076,0.5523034547184019,0.1346736930076859,6.000139971855118,142.4617312037494,0.7414883012397095
61,normal_03,normal,0.19694954935095282,0.46533575457413984,0.10999824246910295,2.788292783604318,149.62497290904128,0.49407277738294864
301,misalignment_01,misalignment,0.4780146858826511,1.044245460496971,0.2208671971143,5.436140428652799,178.46177019127228,0.8579084074104819
260,imbalance_04,imbalance,0.32496345645593794,0.7697303113504417,0.16542779029480945,5.070036640916672,154.23648524396097,0.7683351633528948
281,imbalance_05,imbalance,0.31997322388872645,0.7379671897777675,0.1692437730728572,5.229947284298053,148.4419864364501,0.8312170927463007
229,imbalance_03,imbalance,0.42982539840687495,0.8967672420600058,0.1497049044841292,5.090192374873118,152.61942035054284,0.6515783002293947
12,normal_01,normal,0.19302549855503126,0.43150592829341733,0.10857975881257155,2.961739135023677,146.17294102998625,0.36333563929982593
413,misalignment_04,misalignment,0.49638732349759745,1.058416907335229,0.202771474816982,5.6145923022456925,167.84190215668485,1.0711713784170598
84,normal_03,normal,0.16018376009752006,0.39019756679091183,0.1136386222981391,3.1790369963943372,147.84155930014563,0.34487482719795515
91,normal_04,normal,0.16627063697531796,0.4169508213454419,0.10247665901108943,2.964154674910049,149.23986729315595,0.41204075643099697
209,imbalance_02,imbalance,0.37313741959134605,0.6952493411755513,0.19934598471685544,5.330877429998736,147.81235604281324,0.8041576594015417
539,loose_mount_03,loose_mount,0.3315454850751451,0.5983069717266496,0.1410224475943923,6.954935341560158,125.54826971867175,0.7495808949731966
336,misalignment_02,misalignment,0.4167729004026043,1.1777182840257725,0.2497639210509858,5.595921553749982,185.95109402810888,1.0659297783829642
80,normal_03,normal,0.21238342233950788,0.4364296606446394,0.11063851532734359,2.771612354771519,150.0190171870868,0.5498836863297916
435,misalignment_05,misalignment,0.5389477289295824,0.9102507029145338,0.20021459576498182,5.5214006318407565,182.13586399810612,0.916912274738651
141,normal_05,normal,0.23810120428128942,0.451423059079385,0.11753691026701082,2.9813402700693015,150.39317347813844,0.43827372363214173
282,imbalance_05,imbalance,0.3584673518855368,0.8398358048681499,0.17717208995712394,5.10556981003246,148.86075464712576,0.6541977399998047
269,imbalance_04,imbalance,0.37129261226261373,0.7892959259433803,0.18576438126180647,4.711669056255431,150.82968551582223,0.786287896489203
415,misalignment_04,misalignment,0.47498511662782955,0.9885677831995252,0.23321315090028416,5.939183497385479,184.88868118137373,1.0497749755495842
200,imbalance_02,imbalance,0.4573517394075275,0.9768387680626421,0.15544000238355005,4.475713411094997,156.9396751469354,0.6953375159329891
465,loose_mount_01,loose_mount,0.32346689904717474,0.7066128994273746,0.1502160416971203,6.171779451556446,128.539809066435,0.6440413256184238
576,loose_mount_05,loose_mount,0.25465412264711523,0.7492933241586216,0.18881733878363738,6.560612686399896,140.77079500528384,0.6123118291058136
585,loose_mount_05,loose_mount,0.31565336282538464,0.8153678513276715,0.14637537930906597,6.423857515047534,135.27527302643486,0.597070168066832
372,misalignment_03,misalignment,0.48754607634032476,1.0579281971320933,0.2955759129925288,5.710915812484338,180.42540883532064,0.9422438671132675
400,misalignment_04,misalignment,0.435626808762892,0.8840160714233034,0.2167426994876093,5.526680977429096,174.77895874806777,1.108870327821515
341,misalignment_02,misalignment,0.5261319861393926,1.0660037491790335,0.2874933463020623,5.294624273075735,171.10425374325706,0.9505664891504881
149,normal_05,normal,0.1499660031168069,0.381840285495585,0.09166963277203989,2.888454222500957,148.77483411823582,0.42192905614904586
495,loose_mount_02,loose_mount,0.3109914360779029,0.5880035466140958,0.17819812434550056,5.859192723734783,144.18840098867102,0.6774020540866037
440,misalignment_05,misalignment,0.5370104739468368,1.1207425028311202,0.22012371804922976,5.514418742455675,181.32146151027817,0.9914811551072988
146,normal_05,normal,0.20557728569294478,0.40968428201505824,0.10724282677456229,3.01260047366694,144.32416124006426,0.3220704279801484
10,normal_01,normal,0.1905925469141441,0.4244448860702663,0.09724857748773316,3.2989882622468794,147.40250665292027,0.468413917729574
376,misalignment_03,misalignment,0.42817090125651713,0.9915480118488527,0.25025433979684697,4.647493063951231,183.1689308396945,0.9317549427793563
524,loose_mount_03,loose_mount,0.3288101848979568,0.838053716636067,0.14621508606863215,7.715881207555317,130.63482350782067,0.7004154681404814
189,imbalance_02,imbalance,0.3702441555929065,0.6522039233911886,0.16211585296041045,4.7079243014402765,148.25658929529342,0.8905366074702238
132,normal_05,normal,0.20088424756208398,0.4418834406081781,0.08917572802611713,2.969789624478614,147.76170523004245,0.35748422305384264
573,loose_mount_05,loose_mount,0.2980686197194244,0.7075008550987526,0.12441492055649467,6.463101009061948,128.0917542595947,0.6880135710394779
299,imbalance_05,imbalance,0.39206209227251615,0.9012412173186343,0.1468332886883551,4.797233419619367,152.0953695932338,0.7559388332122612
587,loose_mount_05,loose_mount,0.32562613574358157,0.6957935426571408,0.15025157004703665,6.528409263360069,127.63579355604521,0.6832269124443753
447,misalignment_05,misalignment,0.5582889765601627,1.05086595430181,0.1767975638357096,5.7815982525787835,184.16431871654504,1.0278403830001899
85,normal_03,normal,0.140709423243167,0.42826017968269464,0.12420415012247403,3.0869768542927294,148.32128314185152,0.4432540104750153
593,loose_mount_05,loose_mount,0.34618333044896415,0.5807130262046816,0.1685371182715308,6.0736388437134705,130.73072038151682,0.7127800975698633
178,imbalance_01,imbalance,0.3617411542310111,0.9105787657743398,0.16711265759573954,4.778911853759549,146.71214979083913,0.8164018976278016
154,imbalance_01,imbalance,0.43453714848342795,0.6695361257620753,0.17364186902743073,4.4965481602868005,151.47690344450956,0.734284062464261
453,loose_mount_01,loose_mount,0.30738308774523454,0.6201855200344188,0.14717194658349245,6.233777742040412,132.6896034694861,0.6929535493828055
197,imbalance_02,imbalance,0.3495210216675897,0.8318901676242264,0.18732419195567873,4.946115185559705,145.71804406337185,0.8483748584108449
76,normal_03,normal,0.19737724939593312,0.4639510357618518,0.119510125601263,3.4153961058107507,150.20814340539835,0.42800952966585376
93,normal_04,normal,0.2059283600161732,0.5314029321092427,0.09912905828947491,2.9385833563330848,147.73941725892786,0.36838686647110813
297,imbalance_05,imbalance,0.32612789804881737,0.8368533502179696,0.1575713790796549,5.311824342215676,154.2367789274127,0.787635123079019
69,normal_03,normal,0.1601387925789169,0.39814110687700954,0.0851781460255718,2.533276776030339,147.96520667953448,0.457471694986387
16,normal_01,normal,0.21330770217945574,0.44606058061962306,0.09576701687955846,2.9840563578187203,144.93799669812591,0.3476443763788456
205,imbalance_02,imbalance,0.34396412018781697,0.8619160763354137,0.1945742846814869,4.5981734477182075,153.23816148246468,0.8252950206859867
159,imbalance_01,imbalance,0.395315429455402,0.5281269739828173,0.14553073185189164,4.958119010329344,152.91011734906718,0.6870056975888056
89,normal_03,normal,0.20516457646645392,0.5125887208667962,0.09638229522555829,2.8117755808150084,148.65430737591493,0.44261669753215693
498,loose_mount_02,loose_mount,0.30315321842173093,0.7181501349074435,0.1235727185670946,5.9764637040660675,133.2632080247355,0.8068803064767893
118,normal_04,normal,0.17938372559457694,0.44772181835145886,0.1104917362144135,2.804808236777019,147.26827534823565,0.44792744796371115
383,misalignment_03,misalignment,0.5401350403268073,0.95733950169409,0.26494833335564383,5.971096959820482,190.86258718484865,0.9749998263751489
406,misalignment_04,misalignment,0.4038900362404286,1.1027581070553822,0.19945053402916227,5.640988946841262,176.78690476299863,0.9541988399298771
34,normal_02,normal,0.19989756266559858,0.4434622840590195,0.10337574548798933,3.2814963722627435,150.27175472070525,0.4521969396638429
1,normal_01,normal,0.20609434159508863,0.4084006357503802,0.10750451195806458,3.188112943278243,144.1468944340385,0.35489102465688405
594,loose_mount_05,loose_mount,0.33034195841979885,0.6421559776219764,0.16435451217500127,6.256685269012612,124.46367124279178,0.6664100413136209
532,loose_mount_03,loose_mount,0.2756615221386125,0.6493735019841412,0.14285389879466368,5.518974584573674,123.4676894031592,0.6142531762873957
354,misalignment_02,misalignment,0.4907549067909518,1.0772539807582762,0.24665437045834493,5.6176868011600725,173.9543700752948,1.056767125806271
333,misalignment_02,misalignment,0.49158302221182587,1.0965170492728666,0.23263602911242184,5.756804374946302,179.5191871281878,1.0408459980581792
535,loose_mount_03,loose_mount,0.32501378868945197,0.6760008742963114,0.1595938106119506,6.360224756923019,138.12529692601484,0.6361323569707986
245,imbalance_04,imbalance,0.4195421296986126,0.823220520160037,0.15427213329832606,4.323909571798735,145.29145439125503,0.6385902309648496
23,normal_01,normal,0.2127030189362881,0.4411110921160491,0.08529193705497343,2.7968841837584915,150.9405415423506,0.461906328394719
441,misalignment_05,misalignment,0.5094320075868701,0.9912093512630785,0.20091804266784138,5.217265314848141,185.23529348015552,1.0343578520856702
117,normal_04,normal,0.15359287975227712,0.41145446222524784,0.09084843884154074,2.959779069096234,153.33889767498079,0.40774696744046485
90,normal_03,normal,0.16868481855638973,0.4754988361060449,0.09461228682382257,3.2295625321467125,142.81721908529858,0.38067171124479154
366,misalignment_03,misalignment,0.5163049180723167,0.9068926512057897,0.20002565326006966,5.6147221996387815,178.86503569826112,0.8643688432885543
212,imbalance_03,imbalance,0.34655771540616853,0.8729665227665402,0.19300498011156728,5.007744143216948,157.1478626156706,0.8959475840989043
19,normal_01,normal,0.21680616274914793,0.3809071830723061,0.10434423643545858,3.0475471204664557,148.21755013290962,0.34769710728057723
408,misalignment_04,misalignment,0.431419061349352,1.0739692508412924,0.2545802929117924,6.641450519500164,176.11947904720208,1.0041918198331872
321,misalignment_01,misalignment,0.42531314691416644,1.1026905746320619,0.17235486408354087,6.051596440384807,177.72448950478855,0.9307604669557566
145,normal_05,normal,0.1861298767085544,0.483241274306719,0.08657824833629094,2.918611250245488,148.245377595201,0.41767063648303304
290,imbalance_05,imbalance,0.35933957031356667,0.8931699243189477,0.15263331404897765,4.733655570961252,147.72098428491663,0.788908034351849
275,imbalance_05,imbalance,0.3203157665810803,0.8242766330093979,0.17761662325344157,5.2093383515528595,150.28537932394443,0.7244689151083468
542,loose_mount_04,loose_mount,0.2804666507516347,0.6055092811392998,0.16744697359923535,6.292917288759458,138.8962610457469,0.6764213652649707
361,misalignment_03,misalignment,0.4539230677606808,0.9056046475277998,0.26903475045956093,5.85336861641094,181.02496687839437,1.1747211421142452
251,imbalance_04,imbalance,0.35734820337675977,0.7700317273427857,0.20650293457749677,4.915601480965807,150.15306478982242,0.8198975552855778
288,imbalance_05,imbalance,0.35349194366578945,0.9738356955253261,0.20254709523284845,4.8341613973734034,147.23787913799512,0.7376582154640086
529,loose_mount_03,loose_mount,0.2778801858924909,0.6168127801781211,0.17128418977716017,6.544305850489444,137.8599922198688,0.6831450452819438
401,misalignment_04,misalignment,0.4576965310770583,1.0980190871671822,0.2384351949693044,5.320977117361476,173.67030058083856,0.8852503700952562
168,imbalance_01,imbalance,0.36342107736656565,0.8707128302186994,0.1800598658239991,4.919073491903918,153.68031696880877,0.7500126829681912
55,normal_02,normal,0.23641292315293605,0.4792309876455458,0.0842795974434676,2.98660936542036,146.48397842221556,0.39408600788168624
494,loose_mount_02,loose_mount,0.3164528347511482,0.8365660437880684,0.12461820770280374,6.186283322908138,133.82661313688288,0.6210981506769332
47,normal_02,normal,0.18473885580610466,0.4055035411206633,0.11191142953088866,3.0525498450294277,151.44043021017484,0.33277070065129033
94,normal_04,normal,0.1751105642479785,0.41444810747076327,0.09929319618347929,3.066859025699543,150.15342617565648,0.38172323612851433
265,imbalance_04,imbalance,0.37522535202892493,0.6903269185353478,0.13311313383162252,5.129968030428846,147.06002028910223,0.7435577723997255
109,normal_04,normal,0.20328781405954605,0.4343814420214876,0.11847825012956045,2.9651654532390084,155.00366283335856,0.3648129651108996
273,imbalance_05,imbalance,0.38583753176579094,0.8186369688530029,0.18566137176019978,5.179580306325488,143.9391187387886,0.8579055257373848
600,loose_mount_05,loose_mount,0.296819184694178,0.8744917206646963,0.1414489103734096,5.914432042820131,121.35034173252764,0.7916873255395795
480,loose_mount_01,loose_mount,0.31409430819083606,0.5430020664872696,0.12355608067825102,5.931403102993291,127.01228498429354,0.7117126801765654
437,misalignment_05,misalignment,0.4796216351684425,1.0930377857622893,0.20686309501296085,6.262950448092998,174.577219879101,0.9816908198414825
384,misalignment_03,misalignment,0.4546299711799787,0.9693880951540046,0.21529333549883675,5.243991700094559,164.1866224716313,1.0065300526276866
381,misalignment_03,misalignment,0.5417623694155136,1.0013355591543673,0.2631482146687318,5.710783470087746,180.29279568106085,1.0863009247714517
463,loose_mount_01,loose_mount,0.3014484900687165,0.6885365127114459,0.1414487127081575,7.5173703772075005,135.33547218779665,0.6428959646918853
395,misalignment_04,misalignment,0.6065952338871089,1.1480099203713916,0.2635819148599514,5.4448848177802835,173.5840018442244,1.128890788338324
266,imbalance_04,imbalance,0.3245423098691923,0.7072024237532899,0.17652324599810768,4.544647982052523,152.5118839919788,0.8162030735183674
481,loose_mount_02,loose_mount,0.3206953067165868,0.762565912215482,0.16504767465425355,6.77040639468069,131.98848959994567,0.7042773520653336
518,loose_mount_03,loose_mount,0.33734134218283096,0.7736851092330893,0.14858568816551074,6.222329140481733,136.5501181958644,0.6905438741608656
70,normal_03,normal,0.1943023186723485,0.4579116032776741,0.11089217496710793,3.2655372264535383,149.79258619582157,0.48767929447846986
232,imbalance_03,imbalance,0.4299503108964203,0.7330745712327528,0.18672801877379744,4.479461782946247,148.3123519052813,0.8981914907336028
404,misalignment_04,misalignment,0.5108117698276656,0.767290020305469,0.17416418946483334,5.487706639659715,185.74945283064562,1.0064269911833261
279,imbalance_05,imbalance,0.3912782346957663,0.7641055651212135,0.1782135919459853,4.24068166865315,151.54049380747233,0.8160016538737466
473,loose_mount_01,loose_mount,0.3439674293302306,0.6303016841210735,0.15986535587678197,6.146233127866968,135.32598002779434,0.6984537841904501
351,misalignment_02,misalignment,0.49283293653561305,0.8285514104503878,0.20858541508343867,5.908749716947931,176.60161584433553,0.9987938580680873
510,loose_mount_02,loose_mount,0.2942088624966205,0.620317129112734,0.14116616411654012,5.962743533190481,127.96891356143277,0.6547368411075996
150,normal_05,normal,0.19376507338355106,0.4919735844217363,0.09323982694318632,2.8275364081048915,151.43662661556138,0.343217896503694
125,normal_05,normal,0.20198069642014402,0.4872335290540212,0.11797594522434315,3.1032595144202904,148.8848499102429,0.3753434689207569
429,misalignment_05,misalignment,0.3895191515541385,1.0469360659620774,0.2981897547793817,5.855974466320316,185.36706540720877,1.0682914730128705
466,loose_mount_01,loose_mount,0.3617856630777827,0.692402435712039,0.13428407461234454,5.9418512015692455,138.60222408418335,0.7340485306531583
186,imbalance_02,imbalance,0.4394959315874345,0.7982660493050165,0.15695502317446464,4.71584698102538,151.4081251889623,0.7863190973072008
228,imbalance_03,imbalance,0.3106716358716407,0.8889600040329707,0.17240626949714877,4.9319317249933805,146.49204835919653,0.886290485347955
292,imbalance_05,imbalance,0.35692014514489867,0.8451055216085697,0.1701650516053973,5.1124995357130345,147.90195975394641,0.7304842757926909
248,imbalance_04,imbalance,0.3845833774809551,0.8463954830925812,0.19555219060557072,4.516679788387532,154.5122343156328,0.6701597586491569
291,imbalance_05,imbalance,0.3644546727573273,0.9381914931979735,0.19013166308380508,4.340868891977976,153.6849120464548,0.718027851499035
250,imbalance_04,imbalance,0.3658554103354542,0.7316809091702671,0.18645594928186496,4.397470077046672,153.8479080919642,0.6854816745656944
444,misalignment_05,misalignment,0.4710029956058347,1.0449815326556535,0.19975073341177216,5.319966388141644,176.26308583200733,0.9071184565773722
552,loose_mount_04,loose_mount,0.3269625228959096,0.7492810552025158,0.12982068044823494,5.978049181790622,128.962984399846,0.731809118177565
553,loose_mount_04,loose_mount,0.30390389032225806,0.7096756397832011,0.1717490924029693,6.63157536935207,131.02967398175252,0.6264003922497423
551,loose_mount_04,loose_mount,0.32925888100617945,0.8443259406912126,0.1687884084359636,6.687994974907921,150.5310731691617,0.7212766781414276
115,normal_04,normal,0.19129185054112077,0.4308358731635208,0.1079080172117899,3.2996748880593465,148.6234785205521,0.3987613136103454
204,imbalance_02,imbalance,0.3321856410280759,0.9259964543505305,0.1791112766459129,5.251697316812411,152.6439303076035,0.8426047060572128
142,normal_05,normal,0.2635770735873507,0.48405142299379156,0.09292735470048537,3.1937995740551717,148.91450238874697,0.3955124908549395
339,misalignment_02,misalignment,0.490270526348063,0.9521916942246176,0.2692473982063973,5.402612716338449,181.2974210712595,1.010308615876221
8,normal_01,normal,0.18668980585422612,0.4592864529226688,0.10116685809140728,3.0437377193458026,152.61428633384457,0.4311797774387341
522,loose_mount_03,loose_mount,0.3085060916320383,0.728902397665568,0.1354771119462728,6.384852962819565,136.01050611171607,0.6264254857542237
20,normal_01,normal,0.2014425901542774,0.4288202916374479,0.10232676211354705,3.0043704291046884,154.80533667396276,0.40803221862634875
173,imbalance_01,imbalance,0.35998555690412404,0.8588128890036589,0.1694416472535137,4.7995125719948275,154.94454526784307,0.7353782923208462
452,loose_mount_01,loose_mount,0.3240108467908386,0.4996937140929528,0.15604516436970922,6.1433230010800965,131.69623132165805,0.7365226010318262
57,normal_02,normal,0.18657719445206838,0.4624803788620498,0.11155312036106697,3.121752294444888,143.1261314742057,0.435218336451513
302,misalignment_01,misalignment,0.5038517563613228,0.9999436902877041,0.23119080579792686,5.984293723037785,168.23592234975877,0.8526166130141036
337,misalignment_02,misalignment,0.4785958462447984,0.9339699883978011,0.24745551317921236,5.790641186929592,178.07340069944857,0.9710013646132397
451,loose_mount_01,loose_mount,0.34000236237448145,0.6221569021948559,0.1667075398780446,6.793071251059415,133.26518761252854,0.665902955283042
323,misalignment_01,misalignment,0.43684071688278614,1.129350996845937,0.1894970264562074,6.241691641874005,177.83352630241532,0.9338065593619913
311,misalignment_01,misalignment,0.5127809030585692,0.8915389377563762,0.2723753920988302,6.00963953593641,179.449427379592,1.0657232843436193
50,normal_02,normal,0.19526299470980632,0.4570604968548979,0.102959939896871,2.925617083735742,144.72983465256425,0.43639977418570547
345,misalignment_02,misalignment,0.4645488817401875,0.9827128917556563,0.25893652046718,5.587065152521913,180.65346969012367,1.0303995702154984
26,normal_01,normal,0.19682730325922623,0.40857384988696754,0.08325317055295643,2.9027384181853337,149.83865234754504,0.5083964956789941
443,misalignment_05,misalignment,0.5443295065643616,0.9173190894606926,0.229378809076813,5.365632715819365,179.34081390477658,0.9549463792814258
221,imbalance_03,imbalance,0.3495796460771454,0.7751396668729803,0.1795550441030158,4.252990479131053,151.91508011571574,0.8573973018340009
484,loose_mount_02,loose_mount,0.27980199931493555,0.7565983424721412,0.13879102380411254,5.496749686493883,138.1273337353148,0.637032240834711
541,loose_mount_04,loose_mount,0.34897808973594546,0.6403114819755625,0.15519083531143077,6.329123093498613,134.9107353532175,0.7069565340848153
43,normal_02,normal,0.23457395288811186,0.41052571686287054,0.0975472215405789,3.155467515212349,151.30429822339985,0.401192196438495
417,misalignment_04,misalignment,0.4738958056014304,0.7807456509192592,0.21355781200265533,6.092750053715721,180.76538393512624,1.074891359867503
262,imbalance_04,imbalance,0.33346104800830917,0.8329647647250299,0.19459431347567416,4.244515594720616,151.10051484486414,0.7624051363786932
409,misalignment_04,misalignment,0.5184482935786873,1.081910416891214,0.21394738539869865,5.43873492922798,180.7056541910902,0.9672415759265339
278,imbalance_05,imbalance,0.3758935163583747,0.963863016073845,0.20382779280582827,4.556325781947035,151.8958697134938,0.780159948513207
570,loose_mount_04,loose_mount,0.27129576862467586,0.7045872806581035,0.15230262735015618,6.672207934270136,132.8196136980762,0.7782715494667508
382,misalignment_03,misalignment,0.51487441559605,1.22774304485561,0.25913019007877564,4.967864272861785,180.2333075763945,1.1641480768103218
412,misalignment_04,misalignment,0.4579746069576003,1.1322504331523122,0.2498584276829155,5.606451766110402,175.69486859709582,1.0066767343376979
155,imbalance_01,imbalance,0.3733536863220107,0.970573990416324,0.17660560407159243,4.944827311016574,150.07092268030306,0.7860570630365468
127,normal_05,normal,0.18158299204381745,0.4842007729718912,0.10639626409497903,3.0885091248408107,153.74899580113134,0.45176855714306385
310,misalignment_01,misalignment,0.5037564033674005,0.930806630382539,0.22494044739798644,6.017497359088197,179.9668843512705,0.9103037942248868
520,loose_mount_03,loose_mount,0.32005517663627275,0.7524169720187733,0.13666498299586288,6.123384519870893,127.05521567196314,0.5801005911433831
446,misalignment_05,misalignment,0.5145531282933439,1.1435978124801776,0.21606858823413655,5.794079292591083,176.80191422282675,1.0865487345038505
175,imbalance_01,imbalance,0.3495070616788939,0.7512635185139543,0.16924674846193954,4.989908062152185,147.1774993303944,0.8150009798895896
32,normal_02,normal,0.20366468874443813,0.40102123873118,0.08631840800754335,3.33018558644625,155.1709971623499,0.41102403933586995
114,normal_04,normal,0.2077540628252403,0.4433228827956574,0.10816775867200791,3.125017040249631,153.7551750256956,0.39393385406813575
24,normal_01,normal,0.23993461783383574,0.5665544986402932,0.10414409433275996,2.8020923759936274,143.60386115780608,0.4333855731171918
174,imbalance_01,imbalance,0.4122271455697,0.8741921094953842,0.16090416365738355,5.1408629448760905,153.794265381486,0.7881540709898126
558,loose_mount_04,loose_mount,0.36906435638203233,0.7547489767366318,0.12063472480262305,6.083816380311615,133.53980628648918,0.6942072893538874
67,normal_03,normal,0.2152026617075171,0.45916845496460273,0.10530064705601468,2.8590653474260237,149.46116575850562,0.42983880483284787
58,normal_02,normal,0.20144067146465158,0.46655561141490776,0.11616209681651207,2.5873523446390516,148.22668972442668,0.4495453161396677
322,misalignment_01,misalignment,0.4508442463848654,0.8982775658898359,0.2559867560257559,5.892971123905135,169.40419433061976,1.0096407881480667
223,imbalance_03,imbalance,0.4150617441632608,0.8416076347357829,0.18823943164253507,5.450823182668159,152.8742111140248,0.8326310408346543
18,normal_01,normal,0.1928747205787715,0.4795006227386835,0.09066382319990124,2.958912488426474,147.14993383526826,0.4030483462049719
300,imbalance_05,imbalance,0.3059135257839519,0.7939441511941017,0.1734538913948995,4.748174658408286,148.74611429829972,0.7445590277406826
256,imbalance_04,imbalance,0.402214409140343,0.8447513256125555,0.1996295949861623,4.3923101662386355,159.03502154474054,0.7032457797486505
306,misalignment_01,misalignment,0.5173636025571727,1.0057410071438158,0.19648017193846176,5.765846514010681,180.89330816907582,1.0587962896331002
574,loose_mount_05,loose_mount,0.3000565348123726,0.8347508961215095,0.1896452060029118,6.223256585107371,132.38386626821313,0.6501245626920389
191,imbalance_02,imbalance,0.4487518001219944,0.6344311418599025,0.1399690851112264,4.60989020913036,151.05811152775027,0.835208353981121
319,misalignment_01,misalignment,0.45650817457506365,1.0435458335957417,0.20658699636066646,5.803928283110447,180.75929385765647,0.7582840119302934
528,loose_mount_03,loose_mount,0.329417878260386,0.7473630186243567,0.1371027938672534,6.370220221750773,126.74364321533653,0.6304285613588791
272,imbalance_05,imbalance,0.2862280842484529,0.9472361838332818,0.1875012430378468,5.177245174510814,146.1204970206339,0.7135384094715732
95,normal_04,normal,0.2180036912803993,0.4795765068920379,0.09840351692577984,2.8694167710670575,151.64528376248938,0.4293986793743052
181,imbalance_02,imbalance,0.3897500992160659,0.8079001882602899,0.18865188903452304,4.821670769287985,151.44158290244889,0.7473333469738664
332,misalignment_02,misalignment,0.48991905803132196,0.923278293146936,0.20581154537945948,5.05590262496313,179.9536251304445,1.1045323261967062
329,misalignment_01,misalignment,0.45847708332690207,1.0796544030519997,0.22292497268557457,5.477321084869625,178.52345014944063,1.2196586682970851
312,misalignment_01,misalignment,0.46954838719862896,1.0678523951400027,0.21887665491613817,5.694227948255957,182.35967183259726,0.9938193456474411
6,normal_01,normal,0.24283295201740923,0.43374339934461537,0.09487757270928464,2.8372454543504246,151.84793826772648,0.4764486146360446
46,normal_02,normal,0.18556883932914306,0.46265977046693235,0.09902713401586512,3.418633661786119,154.72006470742573,0.439292327627825
399,misalignment_04,misalignment,0.5361547315220769,0.9955004792356994,0.17117463204591404,5.882387898679526,169.70056059290155,1.0808799276848167
577,loose_mount_05,loose_mount,0.31827134987098704,0.6339788052941426,0.14544468908837313,6.5861057386762525,132.6109236786198,0.5669887181919023
469,loose_mount_01,loose_mount,0.31974165288496764,0.6036769667898796,0.13731338012948907,6.01778579096788,129.47694993937864,0.6372963248272634
17,normal_01,normal,0.17354600775291196,0.41011012689594073,0.10399774226723438,2.8189041889279878,148.86551233788182,0.4849614148893033
49,normal_02,normal,0.1941565762839289,0.44586046927736156,0.09748022621793115,3.0305125024204935,154.41447591897946,0.2916670779534351
580,loose_mount_05,loose_mount,0.2641816731664205,0.7427519509057335,0.10724998807838823,6.088588912121394,138.8277406164003,0.6814715372457056
488,loose_mount_02,loose_mount,0.26544666499410935,0.6548880964582098,0.1364750660527277,6.6492776400713085,136.80431473001792,0.7021455783464657
4,normal_01,normal,0.21756900602614546,0.4480029635605499,0.0981513763645474,2.863814091119212,153.6676240160221,0.41227352589655986
487,loose_mount_02,loose_mount,0.36515721009908864,0.8281668002129595,0.12960479629237073,6.65607619798839,127.66803276157972,0.697943151953354
439,misalignment_05,misalignment,0.43916034103648716,0.9957566189920892,0.2327047048300272,5.20550395579336,177.72157473675003,1.05053228604517
363,misalignment_03,misalignment,0.4650173467972317,0.8783396284710595,0.2400512710261224,5.620679328571446,180.40514332381827,1.1007728451638252
434,misalignment_05,misalignment,0.38431101325855366,1.103828992898382,0.2136865158694183,6.164526794350684,177.5608216069815,1.070470668602053
303,misalignment_01,misalignment,0.49369019226617594,0.9992883144871484,0.235105308295758,5.415149169931022,181.32176837119965,1.143263884299112
226,imbalance_03,imbalance,0.3698847421472867,0.8649818297531594,0.1541623546353662,4.92341952137101,158.651819230927,0.8172942129757849
27,normal_01,normal,0.20260549042945772,0.4893095804409223,0.09500704401460848,2.7630112467165953,147.10464971330288,0.3837386967732123
425,misalignment_05,misalignment,0.4777220936622729,0.9512886439184822,0.22064326063233802,6.408255879510333,169.32511958977284,1.09997881042958
264,imbalance_04,imbalance,0.2914325051582799,0.8476581263841263,0.20379244010575287,4.746440943327825,153.20080998410577,0.7237544735281759
51,normal_02,normal,0.2345470042832837,0.3886455438033545,0.10863828013698189,2.9342949553754214,149.81602696251346,0.36735507446480253
230,imbalance_03,imbalance,0.37902810464916736,0.8491627591226609,0.191121505476463,4.862041478432099,152.16492566738953,0.8978889113802477
38,normal_02,normal,0.20353146716907422,0.40662447711066535,0.10090489781627875,3.045645666027781,157.55242211260176,0.5138422305640835
158,imbalance_01,imbalance,0.39963066835975275,0.9160245006607457,0.18578718313914222,4.675505589550138,152.3433650277321,0.545552449931778
238,imbalance_03,imbalance,0.3956212238527807,0.9320949020027116,0.1836262843572284,4.480994731901948,154.2977082495399,0.8536920597115834
575,loose_mount_05,loose_mount,0.3487102202025975,0.6769756090766635,0.14157325450708602,6.689296431832482,128.7702054281001,0.6769795972441176
176,imbalance_01,imbalance,0.3303297788448643,0.803674513244892,0.18219295509148017,5.655795550770621,145.49073737791852,0.8977611653192107
515,loose_mount_03,loose_mount,0.29352124197785623,0.7517528217972432,0.12676533282131305,5.747317393659084,132.92447995289322,0.7575527832598565
358,misalignment_02,misalignment,0.6151992553639694,1.039423764944203,0.20841555362064357,5.322294495100772,173.2866004273433,1.143656935585679
195,imbalance_02,imbalance,0.34059367870756696,0.7511326657181143,0.22914848184151781,5.430609681711501,149.35300232926141,0.7509133367754561
504,loose_mount_02,loose_mount,0.32325237633433124,0.5568690215896626,0.12549216401061783,6.950617931913605,134.41156969847287,0.6190243255170201
579,loose_mount_05,loose_mount,0.35973765783244244,0.7655480291910253,0.11909400108942483,6.0483991916447515,138.57313446897484,0.7240346808747828
512,loose_mount_03,loose_mount,0.3189772192455239,0.7304677770019744,0.19153422651718047,5.777339767511216,137.1542763490664,0.69662004780913
68,normal_03,normal,0.2164105695083484,0.4342503531110171,0.10521167255732113,2.9468322416169244,149.6473734980156,0.4614759521012036
320,misalignment_01,misalignment,0.5395152851755058,0.6952367434647246,0.21151852923331627,6.010139213703102,176.4135663737378,0.9033814017530458
169,imbalance_01,imbalance,0.41024992654519227,0.8503074082766715,0.1553037382617704,5.304806676915185,148.99702102497233,0.6475923725451853
368,misalignment_03,misalignment,0.4845400011805024,1.0604791582550568,0.2624256861485261,5.482260910589099,175.7192190194232,1.0937655673534308
163,imbalance_01,imbalance,0.38892488073624665,0.8693451359751824,0.16000575542661236,4.435444328582554,155.4187168616101,0.7470130502236216
194,imbalance_02,imbalance,0.28196511485839654,0.7065852663872344,0.1562585914725126,4.672858773350918,149.98156732093588,0.6594139481781562
153,imbalance_01,imbalance,0.402223283546005,0.7702265839796593,0.199748102900928,5.2051277153073965,156.74520702625315,0.8223530725700579
502,loose_mount_02,loose_mount,0.24092110632569894,0.7742229043345785,0.14459206888393283,6.569815602493281,146.15863160597766,0.6517405046537914
347,misalignment_02,misalignment,0.47827625674826835,1.0053752562990501,0.16531975981821864,5.2339501362081995,180.03631946867733,1.0887058729395744
486,loose_mount_02,loose_mount,0.29302535965083965,0.8321546780070626,0.1499776055600422,5.082482251050667,134.14418983293405,0.8355678233808184
334,misalignment_02,misalignment,0.4534589085935176,1.2214152615791911,0.21644147060439475,5.333648915551825,180.17004911725053,1.0751854415295006
104,normal_04,normal,0.18772046397214207,0.5080471539608425,0.09559347578430258,3.0064215347941867,150.8067403430358,0.3890167032935693
391,misalignment_04,misalignment,0.5539731071926096,0.9809928327099255,0.1683571607697412,5.524565546797596,182.05867854998252,0.9530199604884927
75,normal_03,normal,0.19314427698271242,0.3909256873261707,0.11067222416571984,2.933702365580549,153.34377733373213,0.4391688556591235
423,misalignment_05,misalignment,0.4922340962743675,1.0145514805335596,0.22475095889857466,6.018256048083706,173.67328583949083,0.8878074873169791
578,loose_mount_05,loose_mount,0.2639739813061786,0.6033185247956457,0.1598290517987918,7.2319472678283345,140.17474946400128,0.5283211840683149
120,normal_04,normal,0.19578619971273686,0.4013643630358348,0.08436522052131312,3.137149807054932,148.94714285334607,0.3688859859176335
397,misalignment_04,misalignment,0.5052222323831234,0.9300978146896074,0.2312789307331324,5.56531811966315,176.63148002091117,1.1290340581784704
410,misalignment_04,misalignment,0.45947330059924923,1.0089592767368434,0.2598781605446677,5.358160553528183,168.78807768984663,0.858340253248179
482,loose_mount_02,loose_mount,0.3279029795671717,0.7099159688173717,0.14205611380165853,6.033778732830115,127.09464961002021,0.7137293463927864
208,imbalance_02,imbalance,0.4473434483815209,0.7775218796355428,0.20089745624908856,4.823795319117881,149.35140248617213,0.6353842512180055
335,misalignment_02,misalignment,0.4097604226194836,1.1122678254563738,0.22717416273947502,5.155627561913711,183.94392057176938,1.1125675571596154
353,misalignment_02,misalignment,0.5255619022284473,1.0198578620681518,0.24468151816815228,5.4963162962739665,178.31349151618357,1.0607534180053635
342,misalignment_02,misalignment,0.5130221283274219,1.049792293426938,0.2330676997894225,5.150817180357148,181.8343364666453,0.927529522234946
405,misalignment_04,misalignment,0.4850468395867577,1.1133789272564012,0.2932065419983444,5.369260610740675,177.91581638133286,1.2322055221342842
9,normal_01,normal,0.2135782712614379,0.4527031627795557,0.10289119398689985,3.126257645167708,145.628532540433,0.4040164391821349
378,misalignment_03,misalignment,0.486910256467664,0.9805020113880213,0.24432832189270312,5.915746622267882,181.0422586821484,1.0285725057445536
37,normal_02,normal,0.21076230874007854,0.5034959242977097,0.098454943207501,2.8608114776658593,149.3284235493585,0.43212483956356107
140,normal_05,normal,0.1849421616554276,0.41422615815689884,0.09673737994976961,3.285497056736901,155.51216002646257,0.40320303874799257
254,imbalance_04,imbalance,0.36739302440459104,0.6652375411429505,0.15463972166312007,3.8376133931292986,150.06349785086834,0.7649292698188493
304,misalignment_01,misalignment,0.5041991146975764,0.9739171541595417,0.16676931837156794,5.907694483214851,184.10864333108796,1.114455841198398
543,loose_mount_04,loose_mount,0.26081924737630635,0.7676290776702874,0.14259258780677786,6.371001728710511,128.1152434291229,0.8115441368186953
60,normal_02,normal,0.22136943111978077,0.45931512080548675,0.10234400892698696,3.054068647856345,147.40996420578185,0.41262356598798233
112,normal_04,normal,0.16768683321358646,0.46928267342102103,0.0947728130383032,2.4870511316358863,152.35453210982442,0.433618487763712
364,misalignment_03,misalignment,0.5101503426713339,0.9626591063176118,0.29363430207901003,5.693772446592838,168.68757623687603,0.9497624254233783
355,misalignment_02,misalignment,0.4785991107552128,1.0193181579813198,0.29619575921421204,5.390490888583505,180.1114450956268,1.1568462067244298
263,imbalance_04,imbalance,0.3936603474214721,0.818964898551713,0.15092801440136738,4.358163745399992,151.11769430233988,0.8623024735796407
526,loose_mount_03,loose_mount,0.31946698851385696,0.6363701613840397,0.15836998149100767,6.132986389595318,128.3505616239763,0.6178820473481309
298,imbalance_05,imbalance,0.2825449734701071,0.7413267217072775,0.19375522263199743,5.224509292103105,155.43667924596852,0.6526389598206837
151,imbalance_01,imbalance,0.3955876682128001,0.8282042546981013,0.17705115020163664,5.355896637502242,148.51117021882112,0.9448238536419263
267,imbalance_04,imbalance,0.3928339858529843,0.8390880632742754,0.21155536409863773,4.42634218083429,150.78026053518832,0.8706151856415671
519,loose_mount_03,loose_mount,0.26472732992315684,0.6430918182751874,0.1547023988630333,6.807741208248847,141.69589454497228,0.7423623536617161
531,loose_mount_03,loose_mount,0.27545306959120897,0.5951372157226267,0.13575891667634074,6.482458640636456,136.14054849105239,0.570564617809451
39,normal_02,normal,0.1829351329888236,0.43850466553803297,0.08536557998162997,2.8818585972073025,150.94681501077102,0.4802926810444117
432,misalignment_05,misalignment,0.4841359100931594,1.1410161995301935,0.23928238519279776,5.849673708987813,173.83368704231376,1.2658659010704834
308,misalignment_01,misalignment,0.5239477013850447,0.8502626829905463,0.19069109750703683,4.784908596906113,178.16347612626635,0.9381694182793456
199,imbalance_02,imbalance,0.40451861521898397,0.8087209682044465,0.21063557781202105,5.152628769845295,149.973383534401,0.8400097449709556
356,misalignment_02,misalignment,0.4849000957049691,1.2337845119172166,0.21865882124805572,5.729635688928019,174.0059712755351,1.0148475264856707
147,normal_05,normal,0.1997536141414138,0.44116130728854586,0.09896579886425368,2.9944035086939564,150.67667951853053,0.467382480492415
471,loose_mount_01,loose_mount,0.25607429263075715,0.7209242706808905,0.16351957711613846,5.684398965780208,132.05503948909276,0.6706986683751708
533,loose_mount_03,loose_mount,0.3130188842678752,0.6173583962172556,0.14768392980056466,6.729276408070908,124.18932157551895,0.6634843393271569
148,normal_05,normal,0.17777790198164883,0.40312113628396823,0.08906676142112618,3.057783333433741,153.73484213593935,0.39843302808802444
421,misalignment_05,misalignment,0.46923777717119225,1.1782293792704712,0.22358609414450134,4.879808523306327,187.4652444271127,1.1182392509812793
349,misalignment_02,misalignment,0.4485327757832748,1.0467819782909658,0.23585311919428664,5.85176160244088,178.65936906560577,1.1318763950347441
326,misalignment_01,misalignment,0.4828205783584785,1.0245371008995332,0.17670805110973117,5.338414746545231,179.07651314970755,0.9475471087086994
514,loose_mount_03,loose_mount,0.26594177391104823,0.7733620704332076,0.1406716698798513,5.645598512530981,133.37676218675057,0.6382070054855182
124,normal_05,normal,0.16760256011216462,0.36010925778636577,0.11001745397651508,3.237545018652387,146.93813094145997,0.32700822967271853
503,loose_mount_02,loose_mount,0.2952596456069996,0.7083064918806796,0.1697449470596682,5.916643487344925,128.2142304172072,0.7645751416193093
97,normal_04,normal,0.22672372200024343,0.4999179994023773,0.09747482665697035,3.0726908675678146,142.77023410260037,0.3621826169867333
144,normal_05,normal,0.1612606613458917,0.47666290674438133,0.090179805801697,2.711540172888118,149.82476626842396,0.4241990501657227
240,imbalance_03,imbalance,0.389477944461838,0.8133240973418725,0.17120024590940583,3.7655334114792254,146.01073012122333,0.8696672521122534
426,misalignment_05,misalignment,0.3960444786188141,0.9891766661677027,0.21699117544537438,4.765988681328048,179.94518795216882,1.0119961937807804
98,normal_04,normal,0.19412442159695742,0.40711467914292565,0.10714396482630659,3.399459306149599,146.47015584171209,0.37812682979574036
325,misalignment_01,misalignment,0.4610161764575913,0.8197143803582118,0.2074351739579744,5.236358844558657,173.64391963987092,1.2500963101590155
280,imbalance_05,imbalance,0.37090322349424465,0.6907959287532169,0.19977063725702923,4.927583763297481,148.09593960919608,0.7575519642529549
294,imbalance_05,imbalance,0.3387713187227064,0.825633530186183,0.15647599366713133,4.5278379252881065,148.47966995897733,0.695427610068938
478,loose_mount_01,loose_mount,0.2825809631136183,0.9141671860297776,0.12827852834775041,5.571308762509315,135.06083229368065,0.8023450783173837
123,normal_05,normal,0.21097477637728254,0.4424931603628619,0.10278143726454628,3.0316238169810217,152.33330216725477,0.46035041409722355
184,imbalance_02,imbalance,0.4189465404537636,0.9193567997451049,0.20260198632809026,5.014934711989418,153.39338818829953,0.8215728458677203
203,imbalance_02,imbalance,0.37256173291255806,0.7629156814903716,0.12696583330161595,4.317696753103247,143.75752528007843,0.6000172977638714
324,misalignment_01,misalignment,0.4461362907995361,0.9198381159231549,0.19176144793953484,5.6379307438921495,171.8604222465408,0.8319633791261811
247,imbalance_04,imbalance,0.46383995000901757,0.7034289669664354,0.17218644794801607,5.397048438190597,152.7999133653862,0.825065045881314
513,loose_mount_03,loose_mount,0.25501157901002836,0.7539489147466334,0.17535247121607808,5.771411798111285,131.9463967926482,0.5419716590393837
458,loose_mount_01,loose_mount,0.2808967029566768,0.5756542652807645,0.1703902183532926,6.780046423321775,138.2763135062874,0.6424107800624342
479,loose_mount_01,loose_mount,0.31226063799301274,0.7400569694131092,0.11312905165082579,5.861244227154117,125.5583056251746,0.5283963320041696
500,loose_mount_02,loose_mount,0.2930111328980057,0.6463476716061631,0.1257989430062193,7.3655123357790355,136.9166854357074,0.6532703413295754
530,loose_mount_03,loose_mount,0.33718826946028013,0.5767097416750218,0.1672617503609071,6.288559915002515,135.76265760089498,0.7104018639238892
389,misalignment_03,misalignment,0.488473693559663,1.099967401987199,0.2029366658545685,4.9789970106799775,179.30377192070583,1.0466396560043858
126,normal_05,normal,0.2002290258334131,0.43802941184458977,0.08984932094271185,3.4097511301726575,155.3555052062164,0.4768024341777714
582,loose_mount_05,loose_mount,0.3356517995103137,0.718587005438153,0.15179017999527628,6.081370140451299,124.72579024164165,0.6035750792944153
224,imbalance_03,imbalance,0.48842982108873306,0.8028956353527607,0.1640423447276301,4.949728739386496,152.75596411755558,0.7378627686443033
343,misalignment_02,misalignment,0.537947479118845,1.2857438423139866,0.24099353439714652,5.833243254263097,175.5357011555222,0.8689786678913184
54,normal_02,normal,0.21979167869189709,0.4028678550754054,0.10782350342417663,2.961869788498968,153.51374128040194,0.457543449436563
220,imbalance_03,imbalance,0.40261841676676374,0.9668980671784015,0.17594116112649258,4.931615529367914,145.05977808349024,0.8752330850634995
130,normal_05,normal,0.20024106361203653,0.45811189107591116,0.08906528629538017,3.079398260899768,150.18115778527326,0.3548673941582767
544,loose_mount_04,loose_mount,0.2793202311535881,0.6763799172125677,0.1521489740539463,5.653908836456521,133.98311717152558,0.8089528381973993
394,misalignment_04,misalignment,0.5404632284212688,1.1571335816082366,0.2770999545499684,5.200790562682449,176.23867482525117,1.098033429588138
448,misalignment_05,misalignment,0.5297817403058916,0.9309884458848054,0.1854338252143318,5.656467607533056,169.21761639626843,1.0260228987106408
546,loose_mount_04,loose_mount,0.34785076643699864,0.677162942286332,0.14645045025812825,6.011403562605465,120.49910476940954,0.5894410847938432
396,misalignment_04,misalignment,0.42496693678828196,0.9761563649019698,0.22655666152994233,6.237164835649123,176.22651348520162,0.8060750361427385
567,loose_mount_04,loose_mount,0.2783642248646694,0.6817839958605815,0.11283514675774928,5.952830024908653,134.39389140421406,0.7459950311691282
403,misalignment_04,misalignment,0.3948610694053345,0.8558649200265946,0.26329908929317103,6.142705262985585,174.2750853063718,0.9867914177191089
387,misalignment_03,misalignment,0.46558572709363405,1.0404982318924676,0.2970315873859305,5.491841223161823,180.09732446426625,1.1757778950869444
581,loose_mount_05,loose_mount,0.2925371857513319,0.7622542377640644,0.16949503630173163,6.855019846433475,137.24605457067833,0.7665099835149718
295,imbalance_05,imbalance,0.33792450908406346,0.8084572497183795,0.15566563163227184,5.094744435698171,147.32898585032996,1.0047655176077115
501,loose_mount_02,loose_mount,0.3537157943905723,0.7481384529582447,0.1893225494275118,5.426083583630044,130.40783935011447,0.642998289284574
483,loose_mount_02,loose_mount,0.30670946890701956,0.6535778374554264,0.13675510361350815,5.594800636108606,137.8730480474232,0.686289413562543
416,misalignment_04,misalignment,0.5207658036085816,0.9298233053733218,0.252978663581787,5.2952033904692035,183.45329968044067,1.271064087739324
113,normal_04,normal,0.18572250351927033,0.39732679155767037,0.10835807896314338,3.069870124512086,157.14780684805223,0.44100942993624687
180,imbalance_01,imbalance,0.34348488053124693,0.8381428836887308,0.20638026395482792,5.783223801430326,148.6536596597164,0.8948240125316352
422,misalignment_05,misalignment,0.47649935705936,0.9628582263917931,0.26247055789375207,5.383206639909522,183.74128212257995,1.1042195285724257
468,loose_mount_01,loose_mount,0.34059971876216727,0.6312663107834438,0.13288947094182849,6.254351076406705,142.35679424801705,0.5267547868424804
450,misalignment_05,misalignment,0.5499568190848043,1.0954348329091697,0.24485818838205795,5.658252125737554,179.96614888492414,0.9638017644686625
374,misalignment_03,misalignment,0.4348746746778354,0.96950267812869,0.26688127152950314,5.277602556467281,171.03163757816915,1.1442593620899792
315,misalignment_01,misalignment,0.3796053474597665,1.0266736167976642,0.1980932081169585,5.6798540071646055,170.1939853890556,1.1042858224477596
152,imbalance_01,imbalance,0.37098274203087606,0.7178386844023817,0.1813983916198965,4.423314179888431,147.992976608746,0.8117626640012393
583,loose_mount_05,loose_mount,0.30012949313226767,0.71690165117217,0.17881625196008527,6.179101386062244,138.02085774526597,0.7663452525145698
234,imbalance_03,imbalance,0.40302186039999577,0.7072144456841751,0.20365061483505315,4.686605328576249,150.18372193980625,0.7406675508027613
307,misalignment_01,misalignment,0.4909792463589972,0.974129409831427,0.2743483680714818,5.239723126514929,175.0633961861811,1.0510985513527527
550,loose_mount_04,loose_mount,0.28959521407175765,0.743426067575195,0.158844441240732,6.169538472646033,129.3517061258043,0.6921232636612213
165,imbalance_01,imbalance,0.3949754580682505,0.8705585187009116,0.151914618038185,4.915864054248669,149.78952096211822,0.7413767873020285
318,misalignment_01,misalignment,0.510146847187761,0.9869973938501511,0.24857315055394558,5.135635217445304,178.16185050363515,1.064732233048647
137,normal_05,normal,0.1919601483974159,0.45976417555913407,0.10273204022852123,2.772114199781685,148.55627662840377,0.49188884699582314
411,misalignment_04,misalignment,0.4170293466646933,0.8686832281800063,0.22536167724140274,5.124447938560958,174.48622520089398,0.9725914115017951
198,imbalance_02,imbalance,0.347991532135926,0.8706286331685844,0.17978722646763612,4.318264375322718,149.73520918167526,0.8092290993651015
569,loose_mount_04,loose_mount,0.3272701195864293,0.6971760329426191,0.10609632506955582,5.188776471978261,132.7764572213752,0.6513549864343061
259,imbalance_04,imbalance,0.4020476691480678,0.8516407285090006,0.14865883499529123,4.546480118207129,148.673114603191,0.750762432470862
233,imbalance_03,imbalance,0.358297687195527,0.8569769991208499,0.14257563767878026,5.4518111464882075,153.410609785226,0.7654000125879791
116,normal_04,normal,0.206281544477396,0.44016953999948394,0.1095205365313989,2.549644541876191,147.51988485924932,0.3808791833019277
121,normal_05,normal,0.19807642126153335,0.4951207542939721,0.07719262154628077,2.7006722620193346,147.2313406743142,0.4930589433360164
489,loose_mount_02,loose_mount,0.2627352503680615,0.6781852396235195,0.13507767034114548,6.634837878347246,139.06910911690312,0.7645108468824707
377,misalignment_03,misalignment,0.4965997746728467,1.0246683149610745,0.26253759174391533,5.820369752357416,166.1135475413501,0.9715220752844009
385,misalignment_03,misalignment,0.4984679029849952,0.9506778154494089,0.2880614355058733,5.605350325086345,184.45514527592067,1.076142041272997
225,imbalance_03,imbalance,0.3387041192178061,1.0047875537672062,0.18653686940776046,4.543700116509274,154.6637212091184,0.7712683878750932
568,loose_mount_04,loose_mount,0.285043352140804,0.7736298402369264,0.11968616156973055,5.576186100428104,136.25797119382725,0.8136896982850599
457,loose_mount_01,loose_mount,0.2769451992558918,0.6835394547369895,0.1991648721147312,6.896035460487128,126.88237309324637,0.731805928244935
348,misalignment_02,misalignment,0.42231625418001195,1.0158448050499735,0.2606722167608142,5.910829183596359,177.52357106493034,1.0032023686675708
128,normal_05,normal,0.21480028472608673,0.4754762513348884,0.10340791408002106,2.643277774057163,150.25086323223167,0.39219040205754374
591,loose_mount_05,loose_mount,0.3161967271628469,0.7246402067756341,0.14691933366848267,6.402272596543079,130.40161754884494,0.6280752197566977
286,imbalance_05,imbalance,0.3567615924587407,0.6379410877022598,0.19281981438789947,4.7603910565948855,146.94926459444736,0.7901277368222155
554,loose_mount_04,loose_mount,0.3497346156078616,0.7541723826636906,0.11787486363409236,6.04342303054586,132.99309277210057,0.7423063773696825
44,normal_02,normal,0.1973235407096792,0.39500416766520074,0.09761826256025335,2.946722501998209,150.69650966887878,0.3922336390590492
108,normal_04,normal,0.24105369963891782,0.4568784132974824,0.09662674837931494,2.9715993571184955,151.84577030090568,0.3334664197246391
565,loose_mount_04,loose_mount,0.307428246844336,0.7298286762773598,0.1495315408159837,5.9496909270056735,122.70445694193454,0.6391332352757588
445,misalignment_05,misalignment,0.45887195086006266,1.0118796539902901,0.21801353175234717,5.4914494028273095,177.90049164546707,0.9844256537567686
134,normal_05,normal,0.2205167368577048,0.4515565282760584,0.09154954672030849,2.783260234528388,151.03381471425106,0.4389640017182581
496,loose_mount_02,loose_mount,0.3459818747889714,0.6962687991706191,0.1493851233547894,5.9079853333889965,132.71474357619766,0.7054398955531238
45,normal_02,normal,0.2094307704509028,0.49050863271279316,0.10155429327668467,3.070351281679841,150.1594660427336,0.4200042196545707
170,imbalance_01,imbalance,0.33819825161654793,0.7383163871457342,0.18104346637315066,4.704152323058817,149.65267212943763,0.8295761572385983
66,normal_03,normal,0.15379793126734714,0.4521741434156153,0.09528223966361665,3.0918771543433223,152.1058608786638,0.4269120716029341
284,imbalance_05,imbalance,0.3104914161945147,0.8362906542967841,0.1574409395298866,4.627309530866063,151.56567789336216,0.5939702900100571
86,normal_03,normal,0.16878083294011115,0.4381070654920946,0.10099477473015739,2.9827798696357903,152.37241836507025,0.4372322613118026
243,imbalance_04,imbalance,0.37579103462996516,0.7883804683997222,0.20934362501418083,4.760026537877757,160.19835637214928,0.7872594051001739
187,imbalance_02,imbalance,0.4253472191502681,0.7910983659997243,0.18704068943605848,4.453980497697888,152.80126911217525,0.7802486840148509
327,misalignment_01,misalignment,0.5254031421758992,0.8797303414098969,0.22140901592404474,5.3655793440097765,178.8216032969096,0.9859509928144574
160,imbalance_01,imbalance,0.35151591832484247,0.9296432790891305,0.17031939736854648,5.585022109341045,150.9923205872946,0.8126428941505014
13,normal_01,normal,0.1816109542799678,0.46988642976215056,0.10142425736070566,3.138097070813554,148.7182420609904,0.4279269845538357
36,normal_02,normal,0.21831805084712028,0.3969442912904175,0.10030631492594418,2.9031661133332842,149.0169807169141,0.4701378912652302
29,normal_01,normal,0.1968672420468382,0.44836949895458267,0.0934521230457061,3.0892144402964163,148.63504955897767,0.3587197118116376
171,imbalance_01,imbalance,0.39359501444770817,0.8452838296515428,0.18819656914657384,5.015647133800783,142.56818663289022,0.7508449398188431
143,normal_05,normal,0.21817202719784223,0.4512434235108461,0.10278575914511806,3.0027970443730583,151.0097493798163,0.44124829487180744
237,imbalance_03,imbalance,0.46917094442223894,0.8996392226356253,0.19942278013645823,4.809807765459056,150.13109536712528,0.7632472938368314
464,loose_mount_01,loose_mount,0.3262923870958198,0.6292391757500577,0.18009013437178453,5.8694654520964304,135.0065125957348,0.7652782103794508
497,loose_mount_02,loose_mount,0.2825509521879687,0.6912468908898081,0.1377980226788577,7.349832034807419,131.46161538053028,0.8036185721357247
222,imbalance_03,imbalance,0.3917173529398917,0.692888194865702,0.1775238141134068,5.0597101160428215,143.48804493613636,0.6940187188945829
545,loose_mount_04,loose_mount,0.29283382437572014,0.7276599973322208,0.09501129227922889,6.18053539975758,130.12174628444276,0.6145201918071692
96,normal_04,normal,0.17103745481169905,0.4472807897606238,0.10262035812074381,2.820061042702449,150.56953017851234,0.3472588757371105
52,normal_02,normal,0.19331087655288248,0.5020017837879583,0.10582655241987708,3.346462321081989,153.53223566693308,0.4419543339464788
241,imbalance_04,imbalance,0.35341495999747474,0.8488473342125473,0.15218629140049486,5.303546918825731,150.4238893597813,0.8032032317186828
508,loose_mount_02,loose_mount,0.27885686037280566,0.6655427037864229,0.1540170059455186,6.013243001409577,134.91181969837885,0.7218275008599224
352,misalignment_02,misalignment,0.5500440930156483,0.8952712853616189,0.206055399267355,5.684554590019307,179.9522746602694,1.0996343034340732
517,loose_mount_03,loose_mount,0.35649675837771055,0.6540459725226893,0.190264929095892,6.495660364426242,125.90390082355067,0.6382209216365995
179,imbalance_01,imbalance,0.43780503827706135,0.8138115056143316,0.1760622860259218,4.409884062926226,150.08282938579077,0.6525764592222778
461,loose_mount_01,loose_mount,0.28569371653261266,0.5868128419884537,0.1393296094863424,6.644563658763504,128.74797657884417,0.6244765340913887
527,loose_mount_03,loose_mount,0.40351171829148397,0.6815565924874675,0.12086029158437464,5.850889270133714,131.6905929631427,0.7237333626093189
42,normal_02,normal,0.1780642884309072,0.5234765411328526,0.12905067169240408,2.7656866742349315,148.8952531296359,0.4370777775470255
555,loose_mount_04,loose_mount,0.341853552322892,0.719873420082283,0.1617049506271771,6.232068401189077,127.95688987091664,0.6590988487166998
523,loose_mount_03,loose_mount,0.3118141234647496,0.6563478243259447,0.1394698660696777,5.637535322448922,139.59464955099932,0.7652548139776039
207,imbalance_02,imbalance,0.38106341365304397,0.8656429628910788,0.192363814293306,5.343158042042871,156.10792332879217,0.6998966853794765
393,misalignment_04,misalignment,0.4781375373723936,1.0197556282527505,0.19444446258403048,4.725423208499772,178.75040565172512,1.0823990256272145
283,imbalance_05,imbalance,0.3247220387454547,0.7774498004845793,0.15501880058643894,4.943574205487843,149.1369273405677,0.9699685240021145
359,misalignment_02,misalignment,0.4617811353553379,1.0127362475656485,0.22809473976685196,5.8925969631763735,173.7662795355799,0.9424427713856984
398,misalignment_04,misalignment,0.4033567560823646,0.948298577504564,0.25052113739352144,5.3543660898622525,169.95596645365015,1.1168555343256736
255,imbalance_04,imbalance,0.3630214916087241,0.906310323122379,0.20397039673033387,4.7403640518253605,142.4612253300926,0.8293825264393807
218,imbalance_03,imbalance,0.4045708175342826,0.8803084055946946,0.17497794823926174,3.9317520215054103,147.01432549599045,0.8786321547282158
5,normal_01,normal,0.19143344355673786,0.4359146579804708,0.1053230918555335,3.0730888128728155,151.23819783478797,0.44154105015039413
257,imbalance_04,imbalance,0.4099689170880342,0.6850121844469318,0.16139470625459898,5.330729026353867,149.9564007079966,0.8471938084106239
564,loose_mount_04,loose_mount,0.2762245546327171,0.6805332594908463,0.15451719672633105,6.3624423594122925,143.27027479195877,0.6264872527997265
534,loose_mount_03,loose_mount,0.34586648568127704,0.6707212126745333,0.1385266061828316,6.781747907153237,130.16278752617072,0.7683596020164455
431,misalignment_05,misalignment,0.4304446842206325,1.0967998804553865,0.22739120073181937,5.735923429796172,180.3010931971753,1.149435046812432
101,normal_04,normal,0.21030820805801623,0.42689844450577397,0.1127444721694124,2.874482492712616,148.09015415069328,0.44705658054022657
227,imbalance_03,imbalance,0.3649515158486614,0.7794315775657406,0.1717932005330978,4.7111130626832765,149.48877386896692,0.8533049152859654
449,misalignment_05,misalignment,0.5443421131322751,0.8090237094253719,0.19161509612258307,5.187187101935368,177.6834007014452,1.0134283214353792
548,loose_mount_04,loose_mount,0.2904990315531415,0.7913159587980886,0.1351896835899776,6.7045499018670025,123.8467365244619,0.7658606265431326
572,loose_mount_05,loose_mount,0.32332902384931855,0.7367567181780817,0.18754272950663284,6.596253705836303,122.36966412597646,0.7922776307814003
214,imbalance_03,imbalance,0.3945479260137185,0.8025576697516462,0.20387237143712753,4.040284606571606,142.94358962053883,0.843667092417582
360,misalignment_02,misalignment,0.4912148653590797,1.0600959284699898,0.23997596939292923,5.276218508361069,181.38742421045697,0.9756139072904366
172,imbalance_01,imbalance,0.29279159742042105,0.8228847941438235,0.17990734055551308,5.165936296176388,155.7505375708845,0.7962220038601894
99,normal_04,normal,0.20470896736619862,0.5144446459399848,0.08777625687460097,3.0498072244613885,155.46389655243934,0.33741204259103663
293,imbalance_05,imbalance,0.3537451642580757,0.7747489001315968,0.20198383111095625,5.020078702763606,157.83977581604827,0.9614115363119404
216,imbalance_03,imbalance,0.38678826180571246,0.7848756871916049,0.1721085429626121,4.054780738779994,152.03056168368465,0.8476386486785483
62,normal_03,normal,0.18512823542374873,0.4171099993083872,0.10202306191831194,3.168877038097064,150.034278166682,0.48644802952184946
407,misalignment_04,misalignment,0.4308449036170862,1.0276414364253754,0.2598661798448805,5.548105518724598,178.35056579366608,1.1071174066291047
48,normal_02,normal,0.21854876963116363,0.46817681352857454,0.08889569315585523,2.90569503851001,150.79115161306956,0.42262333991781215
33,normal_02,normal,0.19233625357728026,0.5084577716896881,0.08892954317956513,2.8210545962088345,151.92998038406714,0.4002697438570205
418,misalignment_04,misalignment,0.5304334177977419,1.0484453439248422,0.2665317556235341,5.967769470658794,185.60850226368478,1.0858796083906255
268,imbalance_04,imbalance,0.43058159237352145,0.7062589080524341,0.17375289116688258,5.275342383553541,153.03231642079626,0.7956210425183818
328,misalignment_01,misalignment,0.4664553186464531,0.9763869908222015,0.20796836727826098,5.794037547398845,179.19194187418714,1.0411386054746834
201,imbalance_02,imbalance,0.3270983546683328,0.7811044695440762,0.1884045341894917,4.764161152686116,148.39774551837763,0.7260630030620393
135,normal_05,normal,0.22574662223210132,0.49399918601368337,0.09867771343468829,2.751158824227826,149.0426802089673,0.4308615597405262
28,normal_01,normal,0.2425693946487033,0.4171445328310246,0.10838489203736346,2.8194145643825945,152.79471903862273,0.43924754830529317
525,loose_mount_03,loose_mount,0.2960777730120927,0.7260627892042213,0.16671229855772488,6.143041803473459,142.6603190827057,0.6991319427706769
506,loose_mount_02,loose_mount,0.30650578968265924,0.7400301427845697,0.12540985205280802,6.378564338135661,138.54950171626484,0.7189454837719427
231,imbalance_03,imbalance,0.4290413563964272,0.5906356036973804,0.17365122890324636,4.742372140359617,143.9916057090921,0.787534644658585
490,loose_mount_02,loose_mount,0.28356732032040427,0.5082326814397364,0.11466076203739892,6.910813489041105,129.59247036408107,0.619942030538791
261,imbalance_04,imbalance,0.36431840816517075,0.831193944963129,0.1636684978508885,4.3986087712413955,147.23911516429712,0.7292149468822835
379,misalignment_03,misalignment,0.38768314944397597,0.9544518751145182,0.24249104444416866,5.163821098979809,181.1563736506079,1.1408393297267305
289,imbalance_05,imbalance,0.3829310125834279,0.8230018585871678,0.17818258140748072,4.789208620070536,150.14249956117953,0.664641701148799
419,misalignment_04,misalignment,0.5252629700746977,0.9692872926914214,0.21195617565322983,6.282707056167589,179.08102338161345,1.1304880565862379
392,misalignment_04,misalignment,0.4711817024755335,0.9308230256997687,0.2750608775552939,5.899782806162625,181.2577031032198,1.1121601313120972
499,loose_mount_02,loose_mount,0.3177693972186695,0.7968604252835099,0.1628145822040584,7.013700669732343,131.64574669616968,0.8712178168521444
139,normal_05,normal,0.22428379657857003,0.3430866226758825,0.10395933874430824,3.3122876403607147,146.61665770532485,0.4010096744105052
63,normal_03,normal,0.21713587965133055,0.4836728026756025,0.10554116501324094,3.465530620069217,149.38451493340187,0.3198238853966743
472,loose_mount_01,loose_mount,0.37447527304988926,0.8347147225908801,0.11671287213339598,7.446963502863995,126.50864567308005,0.7584538635461942
129,normal_05,normal,0.1744031808471996,0.5172726647720329,0.11728995340885703,3.2718441200591224,150.76564025056763,0.4875312560476328
584,loose_mount_05,loose_mount,0.3018993620808923,0.7416283147959128,0.14512943916550278,6.861067947039238,135.8150600295956,0.5847612996249316
521,loose_mount_03,loose_mount,0.32167421540726715,0.712985931460932,0.16375304969018026,6.473055915446224,133.45586562794318,0.7245293332542044
65,normal_03,normal,0.16797444125762295,0.41823454839898305,0.10439636606016994,3.104837568562554,150.82882253798567,0.3493617058053817
15,normal_01,normal,0.17608320708821923,0.4694788992314233,0.09530597659797277,3.0024988237455377,151.44223997671773,0.4423265588014972
157,imbalance_01,imbalance,0.3339654196325773,0.8129698606067504,0.1988057892976718,5.103089023446003,151.8464389311802,0.8509115167654362
41,normal_02,normal,0.18246278443664823,0.44622949782989774,0.0824227160864337,2.706590950921802,156.3877413360849,0.3556288709362984
493,loose_mount_02,loose_mount,0.2996900935868436,0.5238733362959063,0.10743660916028375,5.690941194240658,135.18733937155548,0.6891039652272237
380,misalignment_03,misalignment,0.48634334881479213,0.6936220133687604,0.1916573491186459,6.354475663422432,175.2673110348581,0.8515856776871005
188,imbalance_02,imbalance,0.3500074664686193,0.8011336510260118,0.17631648506969555,4.705445704732016,158.08536496907072,0.7721243198153697
217,imbalance_03,imbalance,0.31697522691317537,0.7670866486154546,0.15685070735533155,4.4621270818169325,151.2139265072876,0.6132478276009221
53,normal_02,normal,0.23487869052335586,0.46755972634953197,0.1082798817679706,2.940685809293058,150.1996374475776,0.3851288088349861
338,misalignment_02,misalignment,0.4864964927083037,0.9930201214237863,0.18999577043797397,5.011275059470325,180.82576689404885,0.7898111684948311
296,imbalance_05,imbalance,0.3619446219614242,0.8257614113533641,0.1540931763106793,5.397132115344673,155.47800272321166,0.803753269658889
252,imbalance_04,imbalance,0.2957123061068125,0.8165493128287273,0.21995028355609525,4.846321277240936,151.27165267667735,0.8238502703713757
462,loose_mount_01,loose_mount,0.24625273803263764,0.8226853288185657,0.1665142728285062,6.5849479906373825,137.80635232067684,0.7261366689234722
456,loose_mount_01,loose_mount,0.26906364991324105,0.6088645800885546,0.184548365732562,5.968830147239356,131.84616563791394,0.6477773647115008
598,loose_mount_05,loose_mount,0.3127457545772269,0.6956834276555421,0.15618004712171402,7.2161685123551695,125.85811342980065,0.6962565546715125
270,imbalance_04,imbalance,0.35287713886026006,0.8625703499105151,0.2382848929683084,4.178054676235874,152.29605009675993,0.7191847929104875
202,imbalance_02,imbalance,0.35150651742349165,0.7496392297072846,0.22563265754552123,4.904128874914944,154.54703621761897,0.7408738025504862
162,imbalance_01,imbalance,0.36976671714636705,0.7606246324802051,0.19848715514374868,4.8121141559648395,149.86881700340973,0.771505445550194
402,misalignment_04,misalignment,0.4945366588933411,0.9645412452748642,0.15883413415809458,5.38571405089224,173.49482985372524,1.2075677592170662
477,loose_mount_01,loose_mount,0.30786439271400573,0.7088315637501682,0.14320789948786863,5.755104836851402,123.18816341810825,0.7306294658845831
106,normal_04,normal,0.2322187399002379,0.5519731181042802,0.09594730734550669,2.612632391875963,149.06854807141218,0.40568885250796655
390,misalignment_03,misalignment,0.45542295869214167,1.0084661280732763,0.3130230767609678,5.933810218947623,183.2474930293166,1.1343936891553357
2,normal_01,normal,0.20255680806334572,0.4373502963062567,0.09983198842495712,2.829391214485284,152.63819392458848,0.4588895967714474
559,loose_mount_04,loose_mount,0.3288756593530006,0.6358065737477467,0.15129886175101484,6.410161414888065,136.95402571982197,0.6155425466709767
81,normal_03,normal,0.2044615948525055,0.5073285802642469,0.10091520178173209,3.1161554190659593,149.82965041682192,0.41147962094178975
206,imbalance_02,imbalance,0.3580178951547967,0.7301785254183204,0.15631743336203455,4.830276939672512,152.30803947515727,0.7165979335633669
35,normal_02,normal,0.15899655797937956,0.4480512639227953,0.09156769729707129,2.7562373879152746,147.36554289921375,0.4032938279649594
509,loose_mount_02,loose_mount,0.3411144113141627,0.7996491630585523,0.1699171744874472,5.73288046792602,126.57879332054236,0.6739382818832141
428,misalignment_05,misalignment,0.5464078310447898,1.16823835853401,0.26400706108626876,5.223384959108079,179.0067242660746,1.0939516144291428
455,loose_mount_01,loose_mount,0.28951175243094346,0.6740502730868826,0.13190384993571155,6.115224642149778,143.04753368656142,0.5788455711058229
367,misalignment_03,misalignment,0.4709846488575233,1.0014072082873504,0.22354552502686614,5.274643835061329,175.3023240903943,1.0323140806427205
92,normal_04,normal,0.20406776481239888,0.4096585583222757,0.10706849640899051,3.1325331940770966,151.1551138129683,0.44782667213756316
340,misalignment_02,misalignment,0.4856874076743072,1.073683653092005,0.2161233285102626,5.998621953799361,173.03151061446758,1.079459284255838
346,misalignment_02,misalignment,0.46289235546339763,0.8593085834398138,0.17066752812898617,5.4953752395734385,178.28248345996616,0.9213869963291209
242,imbalance_04,imbalance,0.4730311916752674,0.9413152080471523,0.17386868757425883,4.592372935295374,149.69781995392188,0.8207918598781229
14,normal_01,normal,0.21251180787934676,0.43762613841119047,0.10456775237557411,2.8676148117866695,148.91083846030477,0.4009131053000835
316,misalignment_01,misalignment,0.5312256337713345,0.9216820138284832,0.195892322557687,4.737590782980007,176.6679323296241,0.9918406065718395
388,misalignment_03,misalignment,0.537012664047214,1.0011716417719365,0.15849833891127918,5.806681127459386,166.90262870688474,1.1969937230941232
274,imbalance_05,imbalance,0.3803312763983171,0.8036974511100361,0.1505776953123022,4.976067033931902,141.34356859587587,0.831871520899097
167,imbalance_01,imbalance,0.41067291487136975,0.8296942359439569,0.18261528375823088,5.088313596156664,150.76286941589626,0.7216570450901071
595,loose_mount_05,loose_mount,0.3583447655445624,0.8173616358771987,0.16434696915217353,5.604828255915815,134.94364141473534,0.7480688723087354
485,loose_mount_02,loose_mount,0.29568853184269234,0.7028826014244424,0.1728517844558023,6.210018645433156,124.80529724312862,0.7235101603289744
586,loose_mount_05,loose_mount,0.32787477822247296,0.6024315393575761,0.13748751787197208,6.737861483747096,134.14053774185015,0.6556417753802779
505,loose_mount_02,loose_mount,0.3040356619967756,0.7009265670961169,0.16471466720560327,5.520868302570605,126.95430516797725,0.7018364603890711
244,imbalance_04,imbalance,0.4514127357689891,0.8485855538168501,0.19925921146498896,4.546386131968796,147.58496310965035,0.816776476401199
563,loose_mount_04,loose_mount,0.2582977212788639,0.6591279142635447,0.14983440232140827,5.895876026400441,135.7512715834768,0.6576623264630653
190,imbalance_02,imbalance,0.37340248898415124,0.9230755399454601,0.18123409268100735,4.813029742747552,150.64481420914998,0.7803037001297167
476,loose_mount_01,loose_mount,0.304570439866366,0.8001643313177046,0.1773693878753026,6.3216994582002695,127.06864937074175,0.8060301319548433
511,loose_mount_03,loose_mount,0.3512457797611416,0.7139466628874467,0.19943618152110937,6.285254093009825,130.25960535637648,0.6803306306123893
59,normal_02,normal,0.16836811201092117,0.5090379619221403,0.10368356612700659,3.1693167971686806,148.2871690154346,0.4606881844983105
475,loose_mount_01,loose_mount,0.2867394664709491,0.6268316053021068,0.13864555713494597,5.889589307159706,136.71719561191748,0.7580787240235242
561,loose_mount_04,loose_mount,0.3080419098784156,0.5418550285695671,0.15431015938603512,5.735837934605486,134.9141337551431,0.5774519001817068
253,imbalance_04,imbalance,0.41582420973257384,0.6602026645688112,0.14635347036417945,4.873601951880151,148.14049375240995,0.8849620209775931
22,normal_01,normal,0.22926605782439125,0.40244947782708596,0.09360248467250253,2.814684811718895,148.8305705905327,0.35116569262218456
314,misalignment_01,misalignment,0.5512664471735153,0.8373915511373483,0.251745640146686,6.168842539969422,175.71595009630667,1.060144743065005
460,loose_mount_01,loose_mount,0.347765337373264,0.616168819767609,0.16277518763351953,6.365770847566846,136.500889579394,0.7497580399775207
161,imbalance_01,imbalance,0.4446749759399443,0.8304821692954735,0.15995312038618398,4.761595391906998,150.85755705523962,0.6708206678238748
277,imbalance_05,imbalance,0.39553896803406163,0.6792147433843627,0.19503592931670913,4.845017557371943,160.5478071982957,0.6919891557020555
192,imbalance_02,imbalance,0.398923487921099,0.7892603269695543,0.20038087386483525,5.160568391103456,151.73623132508627,0.8570126057989473
386,misalignment_03,misalignment,0.5213203654946629,1.0279241553933562,0.2710635389571069,5.62237574005296,180.48060354044392,1.0866332933650045
414,misalignment_04,misalignment,0.5181074620979342,0.9719931373119125,0.2844958098842032,5.24750462102558,179.08720207651632,1.0464175253334045
492,loose_mount_02,loose_mount,0.3660016548461863,0.7295727196966059,0.16452058066078282,6.7846350545350855,124.98194399385349,0.7403889513979235
344,misalignment_02,misalignment,0.4498640318484889,0.8907104758901251,0.18658986270754954,6.28894397679826,179.36431259012886,1.0879687580613984
309,misalignment_01,misalignment,0.4607724944991041,1.0661378189891708,0.2107537183765146,5.692512809097345,176.5033104612414,1.1172114315096437
131,normal_05,normal,0.19897605776366808,0.44681081744572765,0.1179756116664464,3.178842665702682,150.0343363172744,0.43243936549005413
100,normal_04,normal,0.17437861586308337,0.43305573574156647,0.0947941158714459,3.162520257550729,150.72497915946252,0.3312518970178936
373,misalignment_03,misalignment,0.41565462797318126,1.1582829446773335,0.2022956066020009,5.182422371412542,177.80450539391722,1.0409807586622613
88,normal_03,normal,0.22671568672640466,0.4423462405321976,0.11403821392066557,2.911492857621563,154.36513672881213,0.4265742908402726
459,loose_mount_01,loose_mount,0.3041628493099305,0.7524835887560686,0.15782992074696214,6.003181264351478,122.28556907929101,0.689110015531361
331,misalignment_02,misalignment,0.4885312539269896,0.9439550531196924,0.23093141601465664,5.499174873838657,174.07011696034323,1.021012438452513
215,imbalance_03,imbalance,0.3824187379246947,0.8400357040208608,0.15347207793362902,4.791868201202371,159.01403764160537,0.845935969583669
467,loose_mount_01,loose_mount,0.329611521238129,0.6819735160763145,0.16146724940345888,5.878219437524677,130.44231581192534,0.7575843589913397
122,normal_05,normal,0.20565173965838593,0.4806926896184491,0.0885983908087377,2.776092824945895,151.34344115016813,0.4229137165467723
21,normal_01,normal,0.1795300501475627,0.45717102539825266,0.10219996683971766,3.2718375150480874,152.50533373774374,0.43784355295747546
72,normal_03,normal,0.21607170038757204,0.5188307932466394,0.0861781848462296,3.078565493651984,146.8783681825274,0.4437348544231601
107,normal_04,normal,0.19620152317955486,0.4054644783231261,0.10579561142476478,3.104901475057217,145.5167831405421,0.45495983658474437
271,imbalance_05,imbalance,0.40309610310077,0.8237245978662289,0.19523709548084928,5.211427301778072,151.76968447107274,0.8705641830731343
436,misalignment_05,misalignment,0.39659827000554515,1.0823720927043792,0.2119106506229899,5.443109594831887,168.71594799029918,0.9821020685648019
103,normal_04,normal,0.1715253112920188,0.4678528859017226,0.09193401095692628,2.7434730699478957,152.1414604094472,0.43208222608383756
